id	plan	card	status	plan_sha	backend_sha	app_sha	admin_sha	config_hash	command_id	exit_code	test_count	oracle	evidence_path	evidence_sha256	reviewer	completed_at
AC-00	e2ee	C00	PENDING	e9c8b33ddbe2b019818f82f1564f88baf99f1ca5f75d27934cba547ea5d86ce6												
AC-01	e2ee	C00	PENDING	e9c8b33ddbe2b019818f82f1564f88baf99f1ca5f75d27934cba547ea5d86ce6												
AC-02	e2ee	C00	PENDING	e9c8b33ddbe2b019818f82f1564f88baf99f1ca5f75d27934cba547ea5d86ce6												
AC-03	e2ee	C01	PENDING	e9c8b33ddbe2b019818f82f1564f88baf99f1ca5f75d27934cba547ea5d86ce6												
AC-04	e2ee	C01	PENDING	e9c8b33ddbe2b019818f82f1564f88baf99f1ca5f75d27934cba547ea5d86ce6												
AC-05	e2ee	C02	PENDING	e9c8b33ddbe2b019818f82f1564f88baf99f1ca5f75d27934cba547ea5d86ce6												
AC-06	e2ee	C02	PENDING	e9c8b33ddbe2b019818f82f1564f88baf99f1ca5f75d27934cba547ea5d86ce6												
AC-07	e2ee	C03	PENDING	e9c8b33ddbe2b019818f82f1564f88baf99f1ca5f75d27934cba547ea5d86ce6												
AC-08	e2ee	C03	PENDING	e9c8b33ddbe2b019818f82f1564f88baf99f1ca5f75d27934cba547ea5d86ce6												
AC-09	e2ee	C04	PENDING	e9c8b33ddbe2b019818f82f1564f88baf99f1ca5f75d27934cba547ea5d86ce6												
AC-10	e2ee	C04	PENDING	e9c8b33ddbe2b019818f82f1564f88baf99f1ca5f75d27934cba547ea5d86ce6												
AC-11	e2ee	C05	PENDING	e9c8b33ddbe2b019818f82f1564f88baf99f1ca5f75d27934cba547ea5d86ce6												
AC-12	e2ee	C05	PENDING	e9c8b33ddbe2b019818f82f1564f88baf99f1ca5f75d27934cba547ea5d86ce6												
AC-13	e2ee	C06	PENDING	e9c8b33ddbe2b019818f82f1564f88baf99f1ca5f75d27934cba547ea5d86ce6												
AC-14	e2ee	C06	PENDING	e9c8b33ddbe2b019818f82f1564f88baf99f1ca5f75d27934cba547ea5d86ce6												
AC-15	e2ee	C07	PENDING	e9c8b33ddbe2b019818f82f1564f88baf99f1ca5f75d27934cba547ea5d86ce6												
AC-16	e2ee	C07	PENDING	e9c8b33ddbe2b019818f82f1564f88baf99f1ca5f75d27934cba547ea5d86ce6												
AC-17	e2ee	C08	PENDING	e9c8b33ddbe2b019818f82f1564f88baf99f1ca5f75d27934cba547ea5d86ce6												
AC-18	e2ee	C08	PENDING	e9c8b33ddbe2b019818f82f1564f88baf99f1ca5f75d27934cba547ea5d86ce6												
AC-19	e2ee	C09	PENDING	e9c8b33ddbe2b019818f82f1564f88baf99f1ca5f75d27934cba547ea5d86ce6												
AC-20	e2ee	C09	PENDING	e9c8b33ddbe2b019818f82f1564f88baf99f1ca5f75d27934cba547ea5d86ce6												
AC-21	e2ee	C10	PENDING	e9c8b33ddbe2b019818f82f1564f88baf99f1ca5f75d27934cba547ea5d86ce6												
AC-22	e2ee	C11	PENDING	e9c8b33ddbe2b019818f82f1564f88baf99f1ca5f75d27934cba547ea5d86ce6												
AC-23	e2ee	C11	PENDING	e9c8b33ddbe2b019818f82f1564f88baf99f1ca5f75d27934cba547ea5d86ce6												
AC-24	e2ee	C12	PENDING	e9c8b33ddbe2b019818f82f1564f88baf99f1ca5f75d27934cba547ea5d86ce6												
AC-25	e2ee	C12	PENDING	e9c8b33ddbe2b019818f82f1564f88baf99f1ca5f75d27934cba547ea5d86ce6												
AC-26	e2ee	C12	PENDING	e9c8b33ddbe2b019818f82f1564f88baf99f1ca5f75d27934cba547ea5d86ce6												
AC-27	e2ee	C13	PENDING	e9c8b33ddbe2b019818f82f1564f88baf99f1ca5f75d27934cba547ea5d86ce6												
AC-28	e2ee	C13	PENDING	e9c8b33ddbe2b019818f82f1564f88baf99f1ca5f75d27934cba547ea5d86ce6												
AC-29	e2ee	C14	PENDING	e9c8b33ddbe2b019818f82f1564f88baf99f1ca5f75d27934cba547ea5d86ce6												
AC-30	e2ee	C15	PENDING	e9c8b33ddbe2b019818f82f1564f88baf99f1ca5f75d27934cba547ea5d86ce6												
AC-31	e2ee	C15	PENDING	e9c8b33ddbe2b019818f82f1564f88baf99f1ca5f75d27934cba547ea5d86ce6												
AC-32	e2ee	C16	PENDING	e9c8b33ddbe2b019818f82f1564f88baf99f1ca5f75d27934cba547ea5d86ce6												
AC-33	e2ee	C16	PENDING	e9c8b33ddbe2b019818f82f1564f88baf99f1ca5f75d27934cba547ea5d86ce6												
AC-34	e2ee	C17	PENDING	e9c8b33ddbe2b019818f82f1564f88baf99f1ca5f75d27934cba547ea5d86ce6												
AC-35	e2ee	C17	PENDING	e9c8b33ddbe2b019818f82f1564f88baf99f1ca5f75d27934cba547ea5d86ce6												
F00-A01	full-product	F00	PENDING	aeb4dc3da1d0c51ebecaf6a1edfad07558e3dbcaca6615e9c1b2e011b84832aa												
F00-A02	full-product	F00	PENDING	aeb4dc3da1d0c51ebecaf6a1edfad07558e3dbcaca6615e9c1b2e011b84832aa												
F00-A03	full-product	F00	PENDING	aeb4dc3da1d0c51ebecaf6a1edfad07558e3dbcaca6615e9c1b2e011b84832aa												
F01-A01	full-product	F01	PENDING	aeb4dc3da1d0c51ebecaf6a1edfad07558e3dbcaca6615e9c1b2e011b84832aa												
F01-A02	full-product	F01	PENDING	aeb4dc3da1d0c51ebecaf6a1edfad07558e3dbcaca6615e9c1b2e011b84832aa												
F01-A03	full-product	F01	PENDING	aeb4dc3da1d0c51ebecaf6a1edfad07558e3dbcaca6615e9c1b2e011b84832aa												
F02-A01	full-product	F02	PENDING	aeb4dc3da1d0c51ebecaf6a1edfad07558e3dbcaca6615e9c1b2e011b84832aa												
F02-A02	full-product	F02	PENDING	aeb4dc3da1d0c51ebecaf6a1edfad07558e3dbcaca6615e9c1b2e011b84832aa												
F02-A03	full-product	F02	PENDING	aeb4dc3da1d0c51ebecaf6a1edfad07558e3dbcaca6615e9c1b2e011b84832aa												
F03-A01	full-product	F03	PENDING	aeb4dc3da1d0c51ebecaf6a1edfad07558e3dbcaca6615e9c1b2e011b84832aa												
F03-A02	full-product	F03	PENDING	aeb4dc3da1d0c51ebecaf6a1edfad07558e3dbcaca6615e9c1b2e011b84832aa												
F03-A03	full-product	F03	PENDING	aeb4dc3da1d0c51ebecaf6a1edfad07558e3dbcaca6615e9c1b2e011b84832aa												
F03-A04	full-product	F03	PENDING	aeb4dc3da1d0c51ebecaf6a1edfad07558e3dbcaca6615e9c1b2e011b84832aa												
F04-A01	full-product	F04	PENDING	aeb4dc3da1d0c51ebecaf6a1edfad07558e3dbcaca6615e9c1b2e011b84832aa												
F04-A02	full-product	F04	PENDING	aeb4dc3da1d0c51ebecaf6a1edfad07558e3dbcaca6615e9c1b2e011b84832aa												
F04-A03	full-product	F04	PENDING	aeb4dc3da1d0c51ebecaf6a1edfad07558e3dbcaca6615e9c1b2e011b84832aa												
F04-A04	full-product	F04	PENDING	aeb4dc3da1d0c51ebecaf6a1edfad07558e3dbcaca6615e9c1b2e011b84832aa												
F05-A01	full-product	F05	PENDING	aeb4dc3da1d0c51ebecaf6a1edfad07558e3dbcaca6615e9c1b2e011b84832aa												
F05-A02	full-product	F05	PENDING	aeb4dc3da1d0c51ebecaf6a1edfad07558e3dbcaca6615e9c1b2e011b84832aa												
F05-A03	full-product	F05	PENDING	aeb4dc3da1d0c51ebecaf6a1edfad07558e3dbcaca6615e9c1b2e011b84832aa												
F06-A01	full-product	F06	PENDING	aeb4dc3da1d0c51ebecaf6a1edfad07558e3dbcaca6615e9c1b2e011b84832aa												
F06-A02	full-product	F06	PENDING	aeb4dc3da1d0c51ebecaf6a1edfad07558e3dbcaca6615e9c1b2e011b84832aa												
F06-A03	full-product	F06	PENDING	aeb4dc3da1d0c51ebecaf6a1edfad07558e3dbcaca6615e9c1b2e011b84832aa												
F06-A04	full-product	F06	PENDING	aeb4dc3da1d0c51ebecaf6a1edfad07558e3dbcaca6615e9c1b2e011b84832aa												
F07-A01	full-product	F07	PENDING	aeb4dc3da1d0c51ebecaf6a1edfad07558e3dbcaca6615e9c1b2e011b84832aa												
F07-A02	full-product	F07	PENDING	aeb4dc3da1d0c51ebecaf6a1edfad07558e3dbcaca6615e9c1b2e011b84832aa												
F07-A03	full-product	F07	PENDING	aeb4dc3da1d0c51ebecaf6a1edfad07558e3dbcaca6615e9c1b2e011b84832aa												
F07-A04	full-product	F07	PENDING	aeb4dc3da1d0c51ebecaf6a1edfad07558e3dbcaca6615e9c1b2e011b84832aa												
F08-A01	full-product	F08	PENDING	aeb4dc3da1d0c51ebecaf6a1edfad07558e3dbcaca6615e9c1b2e011b84832aa												
F08-A02	full-product	F08	PENDING	aeb4dc3da1d0c51ebecaf6a1edfad07558e3dbcaca6615e9c1b2e011b84832aa												
F08-A03	full-product	F08	PENDING	aeb4dc3da1d0c51ebecaf6a1edfad07558e3dbcaca6615e9c1b2e011b84832aa												
F09-A01	full-product	F09	PENDING	aeb4dc3da1d0c51ebecaf6a1edfad07558e3dbcaca6615e9c1b2e011b84832aa												
F09-A02	full-product	F09	PENDING	aeb4dc3da1d0c51ebecaf6a1edfad07558e3dbcaca6615e9c1b2e011b84832aa												
F09-A03	full-product	F09	PENDING	aeb4dc3da1d0c51ebecaf6a1edfad07558e3dbcaca6615e9c1b2e011b84832aa												
F10-A01	full-product	F10	PENDING	aeb4dc3da1d0c51ebecaf6a1edfad07558e3dbcaca6615e9c1b2e011b84832aa												
F10-A02	full-product	F10	PENDING	aeb4dc3da1d0c51ebecaf6a1edfad07558e3dbcaca6615e9c1b2e011b84832aa												
F10-A03	full-product	F10	PENDING	aeb4dc3da1d0c51ebecaf6a1edfad07558e3dbcaca6615e9c1b2e011b84832aa												
F11-A01	full-product	F11	PENDING	aeb4dc3da1d0c51ebecaf6a1edfad07558e3dbcaca6615e9c1b2e011b84832aa												
F11-A02	full-product	F11	PENDING	aeb4dc3da1d0c51ebecaf6a1edfad07558e3dbcaca6615e9c1b2e011b84832aa												
F11-A03	full-product	F11	PENDING	aeb4dc3da1d0c51ebecaf6a1edfad07558e3dbcaca6615e9c1b2e011b84832aa												
F11-A04	full-product	F11	PENDING	aeb4dc3da1d0c51ebecaf6a1edfad07558e3dbcaca6615e9c1b2e011b84832aa												
F12-A01	full-product	F12	PENDING	aeb4dc3da1d0c51ebecaf6a1edfad07558e3dbcaca6615e9c1b2e011b84832aa												
F12-A02	full-product	F12	PENDING	aeb4dc3da1d0c51ebecaf6a1edfad07558e3dbcaca6615e9c1b2e011b84832aa												
F12-A03	full-product	F12	PENDING	aeb4dc3da1d0c51ebecaf6a1edfad07558e3dbcaca6615e9c1b2e011b84832aa												
F12-A04	full-product	F12	PENDING	aeb4dc3da1d0c51ebecaf6a1edfad07558e3dbcaca6615e9c1b2e011b84832aa												
F13-A01	full-product	F13	PENDING	aeb4dc3da1d0c51ebecaf6a1edfad07558e3dbcaca6615e9c1b2e011b84832aa												
F13-A02	full-product	F13	PENDING	aeb4dc3da1d0c51ebecaf6a1edfad07558e3dbcaca6615e9c1b2e011b84832aa												
F13-A03	full-product	F13	PENDING	aeb4dc3da1d0c51ebecaf6a1edfad07558e3dbcaca6615e9c1b2e011b84832aa												
F13-A04	full-product	F13	PENDING	aeb4dc3da1d0c51ebecaf6a1edfad07558e3dbcaca6615e9c1b2e011b84832aa												
F14-A01	full-product	F14	PENDING	aeb4dc3da1d0c51ebecaf6a1edfad07558e3dbcaca6615e9c1b2e011b84832aa												
F14-A02	full-product	F14	PENDING	aeb4dc3da1d0c51ebecaf6a1edfad07558e3dbcaca6615e9c1b2e011b84832aa												
F14-A03	full-product	F14	PENDING	aeb4dc3da1d0c51ebecaf6a1edfad07558e3dbcaca6615e9c1b2e011b84832aa												
F15-A01	full-product	F15	PENDING	aeb4dc3da1d0c51ebecaf6a1edfad07558e3dbcaca6615e9c1b2e011b84832aa												
F15-A02	full-product	F15	PENDING	aeb4dc3da1d0c51ebecaf6a1edfad07558e3dbcaca6615e9c1b2e011b84832aa												
F15-A03	full-product	F15	PENDING	aeb4dc3da1d0c51ebecaf6a1edfad07558e3dbcaca6615e9c1b2e011b84832aa												
F16-A01	full-product	F16	PENDING	aeb4dc3da1d0c51ebecaf6a1edfad07558e3dbcaca6615e9c1b2e011b84832aa												
F16-A02	full-product	F16	PENDING	aeb4dc3da1d0c51ebecaf6a1edfad07558e3dbcaca6615e9c1b2e011b84832aa												
F16-A03	full-product	F16	PENDING	aeb4dc3da1d0c51ebecaf6a1edfad07558e3dbcaca6615e9c1b2e011b84832aa												
F17-A01	full-product	F17	PENDING	aeb4dc3da1d0c51ebecaf6a1edfad07558e3dbcaca6615e9c1b2e011b84832aa												
F17-A02	full-product	F17	PENDING	aeb4dc3da1d0c51ebecaf6a1edfad07558e3dbcaca6615e9c1b2e011b84832aa												
F17-A03	full-product	F17	PENDING	aeb4dc3da1d0c51ebecaf6a1edfad07558e3dbcaca6615e9c1b2e011b84832aa												
