b547f2136e505fe7b7ece257e1ae3945104f3f4db86f365e70c2cff502bf2b9d	README.md
083c4b6b94e2bdf9d473050b4a0e4a067c114fe1cdc1732bc4a6769578f2619e	acceptance.tsv
1a28cc0e2900a461e2c3b4e3c53d01403371059dcb53783bfadd582f447b0520	app-native-final-review.json
38c77c9ed88c11fda483a7cd4452b3edde9716cac39e6d68281bac4e33635a86	artifact-origins.json
4563b9fc03cd4b1f2ef1760bce97bac8c4c6e2059c1637f3bcd6a221636c9359	artifacts/0a61a6fa2eb1-result.json
f61e2e1f1f021a6fb09f7ac9e324863d9410caab6a38d619a71493e85a3ce087	artifacts/0b7e27b927ed-gz-current-file-acceptance-closure.json
0da916551faf44bc70bff5707ba53aadd4ab2a7b247df4a202b3d072b28d9930	artifacts/0da916551faf-manifest.json
2c575e96cc1889577646adcb61d70e5104cad6f224d058f2e12c1f209efaaa81	artifacts/0fceb3109579-gz-native-oa-sso-safe-ff.json
de74df772b5292b9f8b4ecc07032f9f820dd9db0a1abf9a2bb985d942665c447	artifacts/223f8c1e71c5-manifest.json
264b884689cdf8ab93957a3cc4e5980822252a28935450bf4cb86b37f891b7d9	artifacts/264b884689cd-result.json
2a0a70bfb85b409829c6c25b8e9d28e4019ec351b7c564a811d121b4ae70a0c0	artifacts/2a0a70bfb85b-gz-current-final-083901-pair.py
88c8093d5b4f807c15eb54ff5561c9a19a567594023964968a5f8c27dc4c32a8	artifacts/2a5981a22205-gz-current-final-083901-pair-terminal.json
2cd6cec1462ec9b8bac8e214a0ee06ff0ef603cf88e6f4f0e1513f9a1867b9a0	artifacts/2cd6cec1462e-gz-current-final-083901-garage.sh
2decb4bbf5d8f546a12a09700fed868fb9fb139f8b4e2ad6375ebe46280e8c7e	artifacts/2decb4bbf5d8-gz-current-first-full-internal-conformance-reconciliation.json
309c5a99b32bee5220bd086a0c6e783a8a52cb0001596be7c517c25594f10898	artifacts/309c5a99b32b-full-discovery.json
3449c8ff1a057fbf9d25e7c6e500583d1f46b239b9e691c06771abd9bc1da448	artifacts/38ce89b01d61-gz-current-customer-service-source-qualification.json
b1c36112681398f8150ec88dd9c5b267da060a790b876cb2e2c6d14e1027e00f	artifacts/3cf06f8f067b-gz-g0-baseline-failure-index.json
404d9a889aee34747ffc9c212c1264fbbb9875ddde2fb7b76993b021296101c5	artifacts/404d9a889aee-internal-audit-matrix.jsonl
41990f31e30c298daaac64d46e85db0d8d935a4c7559dfcaad0770a1e42c9b53	artifacts/41990f31e30c-result.json
41c401375451d9befa9a2cb159b01a50a41e2d40912f9f687994b65ab1573233	artifacts/41c401375451-result.json
43216da9a9fa17eeea4ec89a33f7c733ab199d0591e862ec7680c63a9e2ad855	artifacts/43216da9a9fa-manifest.json
47e20987c6824de9312a0e3148b5278e3d39fc27d87ca638a1ff9381fd826889	artifacts/47e20987c682-gz-current-org-pg-module-reconciliation.json
ec3b38e216d9b992ba00d5bb448e4aadc2cde9b8266dae29c43bd1fcd46c92c2	artifacts/539d260c04e9-gz-current-083901-first-internal-record-qualification.json
57cc71ea387c9fe2363e7af2de5c3c49bdb9823e4c8b3891ef3d413713118986	artifacts/57cc71ea387c-gz-owner-transfer-leave-widget-terminal.json
5a43f2a53eb5eacfeeeb6b74ecd79ff8b2700812d712857da2e31ea3bd858c34	artifacts/5a43f2a53eb5-manifest.json
5da01579b91c74c9d287b8166dc294de72d3bf1d4dc32dddf4ffedf6d3cc11cc	artifacts/5da01579b91c-gz-current-device-acceptance-reconciliation.json
6163a0f848972afab667b1b1c70570b53a0eba0daf069a2c8c7c043044ac5f28	artifacts/6163a0f84897-gz-current-candidate-integration-closure.json
9005b0635580d55fc37be0521484c982fbf08b8af4886b5999831ac6604c7a1c	artifacts/64066a3c9c7d-gz-app-current-offline-failure-triage.json
715d06bf061857615a3937078ae02fe0c859600bcfc78f1ca8eb3e360994ae48	artifacts/715d06bf0618-gz-current-acceptance-inventory.json
72db11afbfd71e81c37a5d8afcf4affc692dfa455ed1fde3654980c175a2846b	artifacts/72db11afbfd7-gz-current-admin-source-qualification.json
86fb69d3ebccaca86169cd3cecdeeba6b879a46ae086ccc779cc8f3e1edb139c	artifacts/86fb69d3ebcc-gz-current-internal-42-auth-reconciliation.json
8aba70ed480495c93a43447c0596defd85ba817371101e2a754459b2197b2b1c	artifacts/8aba70ed4804-manifest.json
8d05aafd1453b2ca4dcaf9e1d75a0bc3b3aa46bfb447a94e987043b9abdf23f1	artifacts/8d05aafd1453-internal-operation-coverage.json
9b84a37250371bf088db8d8066f1bae2542cdafe99eabc3780fd8a1f0d2c4a75	artifacts/9b84a3725037-gz-current-app-d868-source-qualification.json
a05c4df069343ac4eda64f7013a0be1a8ed3f98c1b742db6e9292a80990f3abb	artifacts/a05c4df06934-manifest.json
deb627133dda92883c9a65cf8beb816631e13f9e64709877edc3689ed798c10c	artifacts/a1955e3144eb-source-binding.json
b4489e3295720d8348e1de54240906bb3e80c4ddfd59d7675031e3fda7fc3a75	artifacts/a1dea3c39d9c-gz-current-organization-acceptance-closure.json
a26fd604b3e60fd63b40de7587cf7901a7deafaa8b7a750916d81593ce8bfc67	artifacts/a26fd604b3e6-result.json
a8b89d71bc5f97c6a4cd3fa23f4e10f75d035576c445b5a34c5209e9a93e16a0	artifacts/a8b89d71bc5f-gz-current-app-e2ee-cleanup-history-qualification.json
b238be7d232b5c871f9fbbb37bf917c11af3079f81250c2e4070cce136bcb62d	artifacts/b238be7d232b-gz-current-oa-exchange-field-reconciliation.json
b567b549d565470192f436e68da384a5a5e9d27ce7f85b5db6fa365c02c8f1d2	artifacts/b567b549d565-suite-results.json
4f50d7ac2e1c4e8111086f412b9b3684463b7ecf3efdbd0eb0ece8e380943b10	artifacts/b72f2ea02f87-gz-native-oa-back-navigation-safe-ff.json
ba1cedb96eace835dfc683f49f65ce70c8a01b6a740cf44e1ab460ed0de02c8f	artifacts/ba1cedb96eac-result.json
bd2134a11e534bfa41d12b892e12bd94f033b130f854f07ec8ad2bb9afb78aab	artifacts/bd2134a11e53-manifest.json
bd3343c11828663a65d02f1243668e9a9de050cc0b0d91655d4acb231a0d3e22	artifacts/bd3343c11828-gz-oa02-current-source-qualification.json
c493035972d4efe20006768a0b50083d4f6cefd0a55a2d70f5f9a2a616cc717b	artifacts/c493035972d4-result.json
c601892310f16fdbaa109d03092b2155b8d2cc91ed3194f1e4edb658a82948a4	artifacts/c601892310f1-result.json
d46cff9917427d50ef4b5dd80ea1fc303453cda35eded988fc1041b993b66c67	artifacts/d46cff991742-result.json
d602a816d7902231ff1c08c6a72d0479dc36e4ec37622edc3e65d2496cb9a5ba	artifacts/d602a816d790-gz-current-final-083901-backend.sh
d8f3aa660cfe97cf977b359116fe00e520f0a8f3222506a3e849f442ee70125d	artifacts/d8f3aa660cfe-internal-auth-negatives.jsonl
e5620a91458061d32aca3d8e488f1c2239d613ec8f01376f44d5bfee4223ef59	artifacts/e5620a914580-gz-current-internal-seat-domain-closure.json
e5db527bff75c8af47959b8a4babb29e2ea0b668e9d244e88f4f0728f3fa59d9	artifacts/e5db527bff75-2026-09-21-epgz05-oa-sso-contract.md
f61e445ea6b698187ad0e42600f146d0c48dd639b69c2250175a1f1e851fdb61	artifacts/e8f8a424054b-terminal.json
2ee46ef4a35fdec7653cb1ac8e20bb1a418239c0ecce6947b344edead44e73b5	artifacts/f291597db9b5-gz-current-internal-42-reconciliation-live.json
f55453dc955bdaaef6350c880941441c4fe3e2309a44733b085bfdc0aec89b30	artifacts/f55453dc955b-manifest.json
b0d13048dcff0ccf0594b8b27f1476bd7bcc0f614786bbc837e678a4bf5b4cb4	backend-final-review.json
7338fb9d41dd882f3fac153d95ea62c5f81dff79565639e05786024e2f2eceba	backend-pair-records.json
65dbad9ec0834f532c0652c8b2ee4ce6bf30687c2f4998ac87f5575581bc5ebb	backend-run-1-oracle.txt
65dbad9ec0834f532c0652c8b2ee4ce6bf30687c2f4998ac87f5575581bc5ebb	backend-run-2-oracle.txt
7cf68b41ce1810f1512cd89f6d9c8d93230b46ec7ac2a29e7bdcf3d10662c6c7	independent-axes.json
6392539ae511c5439e104d10d7853e70b3e4114b0e596d483f82ea56e6f9fb83	recovery-ledger.tsv
a43bd1c8d3efad6506ed6184c80fb417684b894306e041943f18544965681604	state.json
3b9edb7866447127cae48484af212ef2f72ebccbaaa609ddf29dcd76624a9f95	verify.py
