id	status	repo	source_sha	plan_sha256	command	exit_code	oracle	evidence_path	evidence_sha256	reason	next_action
N0-A01	PARTIAL	imboy	"{""imboy"": ""9d888c494edcea8136b95cc34125fd3631fff21d"", ""imboyapp"": ""fe354efb5efb3524e44456987df18156d48190ea"", ""imboyadmin"": ""997971a882928d67e70d6261629d5c69d2703539""}"	e083be9d911bfec5c76f2b0cfdc87a1c09c9eded7d1172e0f455abf55ddd31f1	Read-only corrective review of historical ledger and current source	0	Historical completion is not proven against current candidate	review.json	5c9e8f27f41df8cbe2bceeec1ce195b9f39c08dad4086b0bc4ab320fb5a90fd8	Historical proof incomplete or source drift; native repairs require rerun	Freeze final candidate and rerun missing acceptance or requalify immutable evidence
N1-A01	PARTIAL	imboyapp	"{""imboy"": ""9d888c494edcea8136b95cc34125fd3631fff21d"", ""imboyapp"": ""fe354efb5efb3524e44456987df18156d48190ea"", ""imboyadmin"": ""997971a882928d67e70d6261629d5c69d2703539""}"	e083be9d911bfec5c76f2b0cfdc87a1c09c9eded7d1172e0f455abf55ddd31f1	Read-only corrective review of historical ledger and current source	0	Historical completion is not proven against current candidate	review.json	5c9e8f27f41df8cbe2bceeec1ce195b9f39c08dad4086b0bc4ab320fb5a90fd8	Historical proof incomplete or source drift; native repairs require rerun	Freeze final candidate and rerun missing acceptance or requalify immutable evidence
N1-A02	PARTIAL	imboyapp	"{""imboy"": ""9d888c494edcea8136b95cc34125fd3631fff21d"", ""imboyapp"": ""fe354efb5efb3524e44456987df18156d48190ea"", ""imboyadmin"": ""997971a882928d67e70d6261629d5c69d2703539""}"	e083be9d911bfec5c76f2b0cfdc87a1c09c9eded7d1172e0f455abf55ddd31f1	Read-only corrective review of historical ledger and current source	0	Historical completion is not proven against current candidate	review.json	5c9e8f27f41df8cbe2bceeec1ce195b9f39c08dad4086b0bc4ab320fb5a90fd8	Historical proof incomplete or source drift; native repairs require rerun	Freeze final candidate and rerun missing acceptance or requalify immutable evidence
N1-A03	PARTIAL	imboyapp	"{""imboy"": ""9d888c494edcea8136b95cc34125fd3631fff21d"", ""imboyapp"": ""fe354efb5efb3524e44456987df18156d48190ea"", ""imboyadmin"": ""997971a882928d67e70d6261629d5c69d2703539""}"	e083be9d911bfec5c76f2b0cfdc87a1c09c9eded7d1172e0f455abf55ddd31f1	Read-only corrective review of historical ledger and current source	0	Historical completion is not proven against current candidate	review.json	5c9e8f27f41df8cbe2bceeec1ce195b9f39c08dad4086b0bc4ab320fb5a90fd8	Historical proof incomplete or source drift; native repairs require rerun	Freeze final candidate and rerun missing acceptance or requalify immutable evidence
N2-A01	PARTIAL	imboyapp	"{""imboy"": ""9d888c494edcea8136b95cc34125fd3631fff21d"", ""imboyapp"": ""fe354efb5efb3524e44456987df18156d48190ea"", ""imboyadmin"": ""997971a882928d67e70d6261629d5c69d2703539""}"	e083be9d911bfec5c76f2b0cfdc87a1c09c9eded7d1172e0f455abf55ddd31f1	Read-only corrective review of historical ledger and current source	0	Historical completion is not proven against current candidate	review.json	5c9e8f27f41df8cbe2bceeec1ce195b9f39c08dad4086b0bc4ab320fb5a90fd8	Historical proof incomplete or source drift; native repairs require rerun	Freeze final candidate and rerun missing acceptance or requalify immutable evidence
N2-A02	PARTIAL	imboyapp	"{""imboy"": ""9d888c494edcea8136b95cc34125fd3631fff21d"", ""imboyapp"": ""fe354efb5efb3524e44456987df18156d48190ea"", ""imboyadmin"": ""997971a882928d67e70d6261629d5c69d2703539""}"	e083be9d911bfec5c76f2b0cfdc87a1c09c9eded7d1172e0f455abf55ddd31f1	Read-only corrective review of historical ledger and current source	0	Historical completion is not proven against current candidate	review.json	5c9e8f27f41df8cbe2bceeec1ce195b9f39c08dad4086b0bc4ab320fb5a90fd8	Historical proof incomplete or source drift; native repairs require rerun	Freeze final candidate and rerun missing acceptance or requalify immutable evidence
N2-A03	PARTIAL	imboyapp	"{""imboy"": ""9d888c494edcea8136b95cc34125fd3631fff21d"", ""imboyapp"": ""fe354efb5efb3524e44456987df18156d48190ea"", ""imboyadmin"": ""997971a882928d67e70d6261629d5c69d2703539""}"	e083be9d911bfec5c76f2b0cfdc87a1c09c9eded7d1172e0f455abf55ddd31f1	Read-only corrective review of historical ledger and current source	0	Historical completion is not proven against current candidate	review.json	5c9e8f27f41df8cbe2bceeec1ce195b9f39c08dad4086b0bc4ab320fb5a90fd8	Historical proof incomplete or source drift; native repairs require rerun	Freeze final candidate and rerun missing acceptance or requalify immutable evidence
N2-A04	PARTIAL	imboyapp	"{""imboy"": ""9d888c494edcea8136b95cc34125fd3631fff21d"", ""imboyapp"": ""fe354efb5efb3524e44456987df18156d48190ea"", ""imboyadmin"": ""997971a882928d67e70d6261629d5c69d2703539""}"	e083be9d911bfec5c76f2b0cfdc87a1c09c9eded7d1172e0f455abf55ddd31f1	Read-only corrective review of historical ledger and current source	0	Historical completion is not proven against current candidate	review.json	5c9e8f27f41df8cbe2bceeec1ce195b9f39c08dad4086b0bc4ab320fb5a90fd8	Historical proof incomplete or source drift; native repairs require rerun	Freeze final candidate and rerun missing acceptance or requalify immutable evidence
N3-A01	PARTIAL	imboyapp	"{""imboy"": ""9d888c494edcea8136b95cc34125fd3631fff21d"", ""imboyapp"": ""fe354efb5efb3524e44456987df18156d48190ea"", ""imboyadmin"": ""997971a882928d67e70d6261629d5c69d2703539""}"	e083be9d911bfec5c76f2b0cfdc87a1c09c9eded7d1172e0f455abf55ddd31f1	Read-only corrective review of historical ledger and current source	0	Historical completion is not proven against current candidate	review.json	5c9e8f27f41df8cbe2bceeec1ce195b9f39c08dad4086b0bc4ab320fb5a90fd8	Historical proof incomplete or source drift; native repairs require rerun	Freeze final candidate and rerun missing acceptance or requalify immutable evidence
N3-A02	PARTIAL	imboyapp	"{""imboy"": ""9d888c494edcea8136b95cc34125fd3631fff21d"", ""imboyapp"": ""fe354efb5efb3524e44456987df18156d48190ea"", ""imboyadmin"": ""997971a882928d67e70d6261629d5c69d2703539""}"	e083be9d911bfec5c76f2b0cfdc87a1c09c9eded7d1172e0f455abf55ddd31f1	Read-only corrective review of historical ledger and current source	0	Historical completion is not proven against current candidate	review.json	5c9e8f27f41df8cbe2bceeec1ce195b9f39c08dad4086b0bc4ab320fb5a90fd8	Historical proof incomplete or source drift; native repairs require rerun	Freeze final candidate and rerun missing acceptance or requalify immutable evidence
N3-A03	PARTIAL	imboyapp	"{""imboy"": ""9d888c494edcea8136b95cc34125fd3631fff21d"", ""imboyapp"": ""fe354efb5efb3524e44456987df18156d48190ea"", ""imboyadmin"": ""997971a882928d67e70d6261629d5c69d2703539""}"	e083be9d911bfec5c76f2b0cfdc87a1c09c9eded7d1172e0f455abf55ddd31f1	Read-only corrective review of historical ledger and current source	0	Historical completion is not proven against current candidate	review.json	5c9e8f27f41df8cbe2bceeec1ce195b9f39c08dad4086b0bc4ab320fb5a90fd8	Historical proof incomplete or source drift; native repairs require rerun	Freeze final candidate and rerun missing acceptance or requalify immutable evidence
N3-A04	PARTIAL	imboyapp	"{""imboy"": ""9d888c494edcea8136b95cc34125fd3631fff21d"", ""imboyapp"": ""fe354efb5efb3524e44456987df18156d48190ea"", ""imboyadmin"": ""997971a882928d67e70d6261629d5c69d2703539""}"	e083be9d911bfec5c76f2b0cfdc87a1c09c9eded7d1172e0f455abf55ddd31f1	Read-only corrective review of historical ledger and current source	0	Historical completion is not proven against current candidate	review.json	5c9e8f27f41df8cbe2bceeec1ce195b9f39c08dad4086b0bc4ab320fb5a90fd8	Historical proof incomplete or source drift; native repairs require rerun	Freeze final candidate and rerun missing acceptance or requalify immutable evidence
N4-A01	PARTIAL	imboy+imboyapp	"{""imboy"": ""9d888c494edcea8136b95cc34125fd3631fff21d"", ""imboyapp"": ""fe354efb5efb3524e44456987df18156d48190ea"", ""imboyadmin"": ""997971a882928d67e70d6261629d5c69d2703539""}"	e083be9d911bfec5c76f2b0cfdc87a1c09c9eded7d1172e0f455abf55ddd31f1	Read-only corrective review of historical ledger and current source	0	Historical completion is not proven against current candidate	review.json	5c9e8f27f41df8cbe2bceeec1ce195b9f39c08dad4086b0bc4ab320fb5a90fd8	Historical proof incomplete or source drift; native repairs require rerun	Freeze final candidate and rerun missing acceptance or requalify immutable evidence
N4-A02	PARTIAL	imboy+imboyapp	"{""imboy"": ""9d888c494edcea8136b95cc34125fd3631fff21d"", ""imboyapp"": ""fe354efb5efb3524e44456987df18156d48190ea"", ""imboyadmin"": ""997971a882928d67e70d6261629d5c69d2703539""}"	e083be9d911bfec5c76f2b0cfdc87a1c09c9eded7d1172e0f455abf55ddd31f1	Read-only corrective review of historical ledger and current source	0	Historical completion is not proven against current candidate	review.json	5c9e8f27f41df8cbe2bceeec1ce195b9f39c08dad4086b0bc4ab320fb5a90fd8	Historical proof incomplete or source drift; native repairs require rerun	Freeze final candidate and rerun missing acceptance or requalify immutable evidence
N4-A03	PARTIAL	imboy	"{""imboy"": ""9d888c494edcea8136b95cc34125fd3631fff21d"", ""imboyapp"": ""fe354efb5efb3524e44456987df18156d48190ea"", ""imboyadmin"": ""997971a882928d67e70d6261629d5c69d2703539""}"	e083be9d911bfec5c76f2b0cfdc87a1c09c9eded7d1172e0f455abf55ddd31f1	Read-only corrective review of historical ledger and current source	0	Historical completion is not proven against current candidate	review.json	5c9e8f27f41df8cbe2bceeec1ce195b9f39c08dad4086b0bc4ab320fb5a90fd8	Historical proof incomplete or source drift; native repairs require rerun	Freeze final candidate and rerun missing acceptance or requalify immutable evidence
N5-A01	PARTIAL	三仓	"{""imboy"": ""9d888c494edcea8136b95cc34125fd3631fff21d"", ""imboyapp"": ""fe354efb5efb3524e44456987df18156d48190ea"", ""imboyadmin"": ""997971a882928d67e70d6261629d5c69d2703539""}"	e083be9d911bfec5c76f2b0cfdc87a1c09c9eded7d1172e0f455abf55ddd31f1	Read-only corrective review of historical ledger and current source	0	Historical completion is not proven against current candidate	review.json	5c9e8f27f41df8cbe2bceeec1ce195b9f39c08dad4086b0bc4ab320fb5a90fd8	Historical proof incomplete or source drift; native repairs require rerun	Freeze final candidate and rerun missing acceptance or requalify immutable evidence
