seed_id	legacy_doc	legacy_line	legacy_line_sha256	feature	source_hint	source_sha256	parsing_status	reason	behavior_status	owner_confirmation
LEGACY:group:group_file_audio_preview_page:009	test/auto_test/group/group_file_audio_preview_page.md	16	8794b1f2de2251891c918d025ef8b7eee7a31e4c02c125066d83f0f911fa7679	准备中或失败时禁用播放操作	lib/page/group/file/group_file_audio_preview_page.dart	013ce5a2f5135aae09fd60a742028122177d3833293ae20465f073b2a805aa1f	SOURCE_PARSING_RESOLVED	pipe occurs after the feature column, inside the historical note	NOT_EXECUTED	PENDING
LEGACY:group:launch_chat_page:010	test/auto_test/group/launch_chat_page.md	17	a52fa07d77e7cbf3f59bbda9615d3b2e6df845fac9d4c27a2d045d9b02e9d211	无好友时展示暂无数据空态	lib/page/group/launch_chat/launch_chat_page.dart	1d6c708a65e9f0d6cc3223dc371625bec28794d7fb24ba876e3149cc1740db4a	SOURCE_PARSING_RESOLVED	pipe occurs after the feature column, inside the historical note	NOT_EXECUTED	PENDING
LEGACY:search:message_search_page:007	test/auto_test/search/message_search_page.md	14	09b894e68c8ea51f1058e5c9940fc130714fc785fbc886c1957f53a54d255244	展示历史记录并点击回填搜索	lib/page/search/message_search_page.dart	376b3824f99d2f3809afa744581ca669a1b53981c340a9701665100ab1fd132e	SOURCE_PARSING_RESOLVED	extra empty trailing note cell	NOT_EXECUTED	PENDING
LEGACY:search:message_search_page:008	test/auto_test/search/message_search_page.md	15	1484a43bb4573d05b6adc45410d11d4f13ed8b381269941098add2702461ceda	删除单条历史与清空全部历史	lib/page/search/message_search_page.dart	376b3824f99d2f3809afa744581ca669a1b53981c340a9701665100ab1fd132e	SOURCE_PARSING_RESOLVED	extra empty trailing note cell	NOT_EXECUTED	PENDING
LEGACY:search:message_search_page:010	test/auto_test/search/message_search_page.md	17	691b71c32f00c43e03e1cc85cb2579b85579dba7bcf4ff655e889364fc0d8b4a	滚动触底加载更多结果	lib/page/search/message_search_page.dart	376b3824f99d2f3809afa744581ca669a1b53981c340a9701665100ab1fd132e	SOURCE_PARSING_RESOLVED	extra empty trailing note cell	NOT_EXECUTED	PENDING
LEGACY:search:message_search_page:011	test/auto_test/search/message_search_page.md	18	dc64e3e586eff3af34b204dad31241cf9c347ed1b5bf76da64942250d8181a80	点结果跳聊天页并定位消息	lib/page/search/message_search_page.dart	376b3824f99d2f3809afa744581ca669a1b53981c340a9701665100ab1fd132e	SOURCE_PARSING_RESOLVED	extra empty trailing note cell	NOT_EXECUTED	PENDING
LEGACY:search:message_search_page:012	test/auto_test/search/message_search_page.md	19	bc9a34f556af00df3800d55a34a9b646aa272916e1871290d23ef61119eb8def	无结果空态与重置筛选按钮	lib/page/search/message_search_page.dart	376b3824f99d2f3809afa744581ca669a1b53981c340a9701665100ab1fd132e	SOURCE_PARSING_RESOLVED	extra empty trailing note cell	NOT_EXECUTED	PENDING
LEGACY:search:search_chat_page:006	test/auto_test/search/search_chat_page.md	13	fc08d67c1915013e6d1c989909698238dc6db61e22d0ce28013c2833def78307	点历史记录回填并重搜	lib/page/search/search_chat_page.dart	f344712b01cfd35c24ea11700f9af2b1f63072531cca3b59b7f5946f4e0b6450	SOURCE_PARSING_RESOLVED	extra empty trailing note cell	NOT_EXECUTED	PENDING
LEGACY:search:search_chat_page:007	test/auto_test/search/search_chat_page.md	14	dc642bbf47b6689d4f7f2c49de82dd58f3cfd3691858854d762e4b3a908ade63	结果列表渲染与关键词高亮	lib/page/search/search_chat_page.dart	f344712b01cfd35c24ea11700f9af2b1f63072531cca3b59b7f5946f4e0b6450	SOURCE_PARSING_RESOLVED	extra empty trailing note cell	NOT_EXECUTED	PENDING
LEGACY:search:search_chat_page:008	test/auto_test/search/search_chat_page.md	15	7f8f41c1621dbfec4b1a218ad8197dd34ef38693731b54bc47d28a57098e16e0	异步加载结果作者头像昵称	lib/page/search/search_chat_page.dart	f344712b01cfd35c24ea11700f9af2b1f63072531cca3b59b7f5946f4e0b6450	SOURCE_PARSING_RESOLVED	extra empty trailing note cell	NOT_EXECUTED	PENDING
LEGACY:search:search_chat_page:009	test/auto_test/search/search_chat_page.md	16	b67f6cb51e4350525c8429e836f814752e596ca3d845fb10e91068026706f17e	点结果跳聊天页并定位消息	lib/page/search/search_chat_page.dart	f344712b01cfd35c24ea11700f9af2b1f63072531cca3b59b7f5946f4e0b6450	SOURCE_PARSING_RESOLVED	extra empty trailing note cell	NOT_EXECUTED	PENDING
LEGACY:search:search_chat_page:010	test/auto_test/search/search_chat_page.md	17	9d37d7778a40885a0582330a5f4c826903023348427e6c18630ccf2445417ecd	无匹配结果时展示空态	lib/page/search/search_chat_page.dart	f344712b01cfd35c24ea11700f9af2b1f63072531cca3b59b7f5946f4e0b6450	SOURCE_PARSING_RESOLVED	extra empty trailing note cell	NOT_EXECUTED	PENDING
LEGACY:search:web_search_page:002	test/auto_test/search/web_search_page.md	9	a82d5937c7d49847265ef4961e25eb715bae1645f56c39482e8dd48c1884daaa	输入关键词防抖触发全局搜索	lib/page/search/web_search_page.dart	4ac15a4cd33ac11d04bc91f1dc39fbd576b4b2a67e881b7e4d04bc38c6c5357b	SOURCE_PARSING_RESOLVED	extra empty trailing note cell	NOT_EXECUTED	PENDING
LEGACY:search:web_search_page:003	test/auto_test/search/web_search_page.md	10	be5a4532b1cfb9053a6a48fc136849def3d42fe0f37bfedd559b5cc0654cc4d6	点清除按钮重置搜索状态	lib/page/search/web_search_page.dart	4ac15a4cd33ac11d04bc91f1dc39fbd576b4b2a67e881b7e4d04bc38c6c5357b	SOURCE_PARSING_RESOLVED	extra empty trailing note cell	NOT_EXECUTED	PENDING
LEGACY:search:web_search_page:004	test/auto_test/search/web_search_page.md	11	603f3ce566d9c7883e243492614a526d2c4c397ea50c5ab20cfdc9f54c73b1fb	并行搜索消息/联系人/群组/会话	lib/page/search/web_search_page.dart	4ac15a4cd33ac11d04bc91f1dc39fbd576b4b2a67e881b7e4d04bc38c6c5357b	SOURCE_PARSING_RESOLVED	extra empty trailing note cell	NOT_EXECUTED	PENDING
LEGACY:search:web_search_page:005	test/auto_test/search/web_search_page.md	12	51520d0bac2dec474b129a4c2fd4829966b16c434466ad14666b5f3d8c4acbb0	结果按类型分组并加分组标题	lib/page/search/web_search_page.dart	4ac15a4cd33ac11d04bc91f1dc39fbd576b4b2a67e881b7e4d04bc38c6c5357b	SOURCE_PARSING_RESOLVED	extra empty trailing note cell	NOT_EXECUTED	PENDING
LEGACY:search:web_search_page:006	test/auto_test/search/web_search_page.md	13	e188ef151f428e2efcc5bc92bcafb8115debcc21adcd51652a3cc52a3730effa	结果标题与摘要关键词高亮	lib/page/search/web_search_page.dart	4ac15a4cd33ac11d04bc91f1dc39fbd576b4b2a67e881b7e4d04bc38c6c5357b	SOURCE_PARSING_RESOLVED	extra empty trailing note cell	NOT_EXECUTED	PENDING
LEGACY:search:web_search_page:007	test/auto_test/search/web_search_page.md	14	a1f6b020a940c12899ecd8715418cc2872baad31435e822b144544da6da8a9e0	点会话/消息结果进入聊天	lib/page/search/web_search_page.dart	4ac15a4cd33ac11d04bc91f1dc39fbd576b4b2a67e881b7e4d04bc38c6c5357b	SOURCE_PARSING_RESOLVED	extra empty trailing note cell	NOT_EXECUTED	PENDING
LEGACY:search:web_search_page:008	test/auto_test/search/web_search_page.md	15	61ca4a866247fd58c353b31cd30425b16fe7361135130c4a1e46ceacd515d98c	点联系人结果进入资料页	lib/page/search/web_search_page.dart	4ac15a4cd33ac11d04bc91f1dc39fbd576b4b2a67e881b7e4d04bc38c6c5357b	SOURCE_PARSING_RESOLVED	extra empty trailing note cell	NOT_EXECUTED	PENDING
LEGACY:search:web_search_page:010	test/auto_test/search/web_search_page.md	17	b6f04236ca0ac16978747465c5d2e40250fb4b140b82b90d83911ee837205170	加载最近搜索并点击回填	lib/page/search/web_search_page.dart	4ac15a4cd33ac11d04bc91f1dc39fbd576b4b2a67e881b7e4d04bc38c6c5357b	SOURCE_PARSING_RESOLVED	extra empty trailing note cell	NOT_EXECUTED	PENDING
LEGACY:search:web_search_page:011	test/auto_test/search/web_search_page.md	18	61448e42b32db4ddc89dbcefa20bfe5392a173cd1eeaf4958c3ef9006f19add3	清除本地搜索历史记录	lib/page/search/web_search_page.dart	4ac15a4cd33ac11d04bc91f1dc39fbd576b4b2a67e881b7e4d04bc38c6c5357b	SOURCE_PARSING_RESOLVED	extra empty trailing note cell	NOT_EXECUTED	PENDING
LEGACY:search:web_search_page:012	test/auto_test/search/web_search_page.md	19	3c3626205891b2eb0eb1e12aa6a8b1d967401a0bf05057b56fa58b9bf70a3d70	无结果态与搜索错误态展示	lib/page/search/web_search_page.dart	4ac15a4cd33ac11d04bc91f1dc39fbd576b4b2a67e881b7e4d04bc38c6c5357b	SOURCE_PARSING_RESOLVED	extra empty trailing note cell	NOT_EXECUTED	PENDING
