id	status	repo	source_sha	plan_sha256	command	exit_code	oracle	evidence_path	evidence_sha256	reason	next_action
N0-A01	PASS_EXECUTED	imboy	bc09f0f69a386b445b1ee53648e726d6fe1e2b37	e083be9d911bfec5c76f2b0cfdc87a1c09c9eded7d1172e0f455abf55ddd31f1	shasum -a 256 plan; git rev-parse/status/diff x3 repos; python3 evidence/phase-local-final-2026-10-02/verify.py; python3 api/flatten_internal.py --check; flutter devices; pg_isready; docker ps garage-local	0	旧证据指纹完整(30父/42子,bundle 28paths/42ops)；三仓差异全分类(backend: docs+test-env+ensure_rsa_keys导出+部署脚本；app: 组织图/目录/导航/P2P业务+i18n+生成物+既有macos工程；admin: 仅ADR)；工作区干净；macOS设备+本地PG可用；garage-local容器退出待需时启动	baseline.json	baseline-sha见FINAL时计算	环境就绪；App业务变化域须在N1实跑，后端测试支持变化在N4按需重跑	进入N1离线回归
N1-A01	PASS_EXECUTED	imboyapp	b6bb4dc578acd2bae07b000c97d954a476c2170d	e083be9d911bfec5c76f2b0cfdc87a1c09c9eded7d1172e0f455abf55ddd31f1	flutter test --no-pub test/organization/organization_chart_widget_test.dart (+7 files)	0	组织图布局不重叠/折叠移除后代/环防护；分页(root/first+next)；拖动(storage[12]变化)；按钮缩放+真实双指pinch(scale增大)；适应视图；展开折叠；节点点击→成员路径[1,3]；窄屏320+2x字号无溢出	n1-flutter-test.log	log-sha见FINAL	95 testcases passed (12s)	进入N2原生验收
N1-A02	PASS_EXECUTED	imboyapp	b6bb4dc578acd2bae07b000c97d954a476c2170d	e083be9d911bfec5c76f2b0cfdc87a1c09c9eded7d1172e0f455abf55ddd31f1	flutter test --no-pub (chart + human_directory_access_revocation_test)	0	分支撤权立即清整图+通知；403/404清空旧目录屏蔽迟到允许重试；旧企业迟到403不清新企业；换账号/企业旧响应不回填图形；同企业同型页面换账号清搜索丢迟到响应	n1-flutter-test.log	log-sha见FINAL	同上套件内	进入N2原生验收
N1-A03	PASS_EXECUTED	imboyapp	b6bb4dc578acd2bae07b000c97d954a476c2170d	e083be9d911bfec5c76f2b0cfdc87a1c09c9eded7d1172e0f455abf55ddd31f1	flutter test (enterprise_shell/workspace_shell/pickers/p2p_preview) ; flutter analyze --no-pub <5 dirs> ; git diff --check	0	企业四项导航(无OA默认消息+按需通讯录+工作台保留)+桌面侧栏复用；个人壳五项导航(含project开关变体)；角色入口(负责人保留管理入口)；成员|图切换(分栏+根级上半子部门下半成员)；组织/工作区选择器；P2P预览9用例；分析0 issues	n1-flutter-test.log n1-flutter-test-supplemental.log n1-flutter-analyze.log	log-sha见FINAL	95+25 testcases passed; analyze clean	进入N2原生验收
N2-A01	PASS_EXECUTED	imboyapp	b6bb4dc578acd2bae07b000c97d954a476c2170d+测试文件	e083be9d911bfec5c76f2b0cfdc87a1c09c9eded7d1172e0f455abf55ddd31f1	flutter test integration_test/enterprise/organization_chart_nonoa_macos_test.dart -d macos (run14) ; flutter drive 同规格复跑	0	真实macOS App进程(imboy.pub debug构建dart-define指向127.0.0.1:9800隔离后端)登录合成owner→个人四栏→切企业A→通讯录→成员|组织架构切换→图根节点=真实企业名(非OA验收企业A)→展开销售中心见广州销售组→展开技术中心见平台架构组→企业B部门(乙端产品部)不存在→点击广州销售组→成员视图含非OA成员壹零零二；API侧103根部门游标翻页取满(rootCount=103)	n2-test-run14.log n2-drive.log	见n2-sha256.tsv	16标记点全达+双通道exit0；截图取证环境不可用(记录边界)	进入N2-A02已在同旅程
N2-A02	PASS_EXECUTED	imboyapp	b6bb4dc+测试文件	e083be9d911bfec5c76f2b0cfdc87a1c09c9eded7d1172e0f455abf55ddd31f1	同上旅程	0	按钮放大scale>initial→缩小回落；真实双指两指针背向移动scale增大；drag后matrix.storage[12]变化；fit后scale<beforeFit且根节点/工具栏可找回可操作；折叠后广州销售组node键消失；全程takeException null	n2-test-run14.log	见n2-sha256.tsv	InteractiveViewer transformationController矩阵断言	完成
N2-A03	PASS_EXECUTED	imboyapp	b6bb4dc+测试文件	e083be9d911bfec5c76f2b0cfdc87a1c09c9eded7d1172e0f455abf55ddd31f1	同上旅程(setSurfaceSize 400x800/1440x900 + /dark_model真实UI切换)	0	400逻辑像素窄视口无溢出且zoom-in按钮hitTestable；1440宽视口无溢出；暗色真实切换(关跟随系统开关→点暗色行→check_mark选中标记→pop后Theme.brightness==dark)；浅色恢复；边界：系统级最大字号无法程序化设置，由窄视口+widget层2x textScale测试共同覆盖(测试内debugPrint边界声明)	n2-test-run14.log	见n2-sha256.tsv	布局压力+主题断言通过	完成
N2-A04	PASS_EXECUTED	imboyapp	b6bb4dc+测试文件	e083be9d911bfec5c76f2b0cfdc87a1c09c9eded7d1172e0f455abf55ddd31f1	同上旅程	0	宽树：103根部门(8主+95填充)分页全载+抽样探测专项测试组01/30/52存在；三层深：技术中心→平台架构组→存储小组全展开；空企业C：切企业后图仅根节点(node计数==1含企业名非OA空企业C)；边界：后端故障注入未做，由widget层deny/retry+N3-A04撤权403路径覆盖(测试内debugPrint边界声明)	n2-test-run14.log	见n2-sha256.tsv	多页/宽深/空态断言通过	完成
N3-A01	PASS_EXECUTED	imboyapp	b6bb4dc+测试文件	e083be9d911bfec5c76f2b0cfdc87a1c09c9eded7d1172e0f455abf55ddd31f1	flutter test ... --plain-name "N3-A01/A02" -d macos (真实App进程)	0	个人四栏(消息/通讯录/频道/我)固定且可切换；个人通讯录无加入企业/创建企业文案且无workspace-shell-switcher残留；我→切换企业→企业A四栏(4 destinations)；工作台tab存在(未打开OA)；切回个人企业壳销毁	n3-seg-N3-A01_A02-r3.log(见n3-sha)	n3-sha256.tsv	旅程通过	完成
N3-A02	PASS_EXECUTED	imboyapp	b6bb4dc+测试文件	e083be9d911bfec5c76f2b0cfdc87a1c09c9eded7d1172e0f455abf55ddd31f1	同上段	0	企业A图(根=非OA验收企业A)→切空企业C：C图仅根节点(C企业名)，A部门(广州销售组)与B部门(乙端产品部)均不出现；成员/图互切后仍为C无A回填；边界：晚到响应确定性注入由widget层N1-A02覆盖(测试内debugPrint声明)	同上	同上	数据隔离断言通过	完成
N3-A03	PASS_EXECUTED	imboyapp	b6bb4dc+测试文件	e083be9d911bfec5c76f2b0cfdc87a1c09c9eded7d1172e0f455abf55ddd31f1	flutter test --plain-name "N3-A03"	0	普通member登录→企业四栏一致；「我」页无企业管理入口；服务端直达路径createDepartment返回403(ensure_org_manager真实链路)	n3-seg-N3-A03-r3.log	同上	UI与服务端权限一致	完成
N3-A04	PASS_EXECUTED	imboyapp	b6bb4dc+测试文件	e083be9d911bfec5c76f2b0cfdc87a1c09c9eded7d1172e0f455abf55ddd31f1	flutter test --plain-name "N3-A04 撤权"(r18 exit0) + "N3-A04b"(API级 r3 exit0)	0	member进图(根在场)→admin治理端点suspend 200(真实服务端权限链)→图上刷新→403:org-chart-canvas卸载+旧部门不出现+成员/图互切不复活→restore 200→API级新会话directory读取200且list非空(恢复需重新读取)；suspend/restore走/organizations/:id/members/:uid/{suspend,restore}真实治理端点	n3-A04-r18.log n3-A04b-r3.log	同上	撤权-卸载-恢复全链路通过	完成
N4-A01	PASS_REQUALIFIED	imboy+imboyapp	bc09f0f6+b6bb4dc5	e083be9d911bfec5c76f2b0cfdc87a1c09c9eded7d1172e0f455abf55ddd31f1	指纹对照：git diff 083901a6..bc09f0f 客服域零业务文件；git diff d868815b..b6bb4dc customer_service 零文件；旧证据 CS-01..03(command=bash /tmp/gz-seat-purpose-browser-garage.sh等,oracle=真实隔离DB访客入队/原子接单/文本附件/转接结束/双Seat并发/断流恢复/四认证域,evidence SHA见旧台账)	0	消费者链一致：backend CS 域(logic/api/ds/repo grep customer|seat|cs_ 仅证据文档)；app CS 模块零变化；admin 仅ADR；工作区cs WIP未提交不构成候选。旧证据双轮真实隔离DB/Garage旅程资格复用	n4-internal-compare.txt(同目录各n4文件)	见FINAL汇总	生成产物/依赖/运行配置变化：无(仅sys.local.config gitignored本地验收key，不入候选)	完成
N4-A02	PASS_REQUALIFIED+PASS_EXECUTED混合	bc09f0f6+b6bb4dc5	e083be9d911bfec5c76f2b0cfdc87a1c09c9eded7d1172e0f455abf55ddd31f1	分域处理：ORG-01..03/FILE-01..03/INTG-03=指纹对照复用；UX-01..03=由N2/N3原生PASS_EXECUTED取代	0	ORG(治理链manage/members/departments/invite/leave零变化)+FILE(attachment/group_file零代码变化,迁移脚本未变)+INTG-03(路由层零变化,无新增删除,旧链接支持链未动)复用旧证据；UX旧证据绑旧导航实现已失效，其oracle(四栏/切换/无半切换/大小屏/角色)由N2-A01..A04+N3-A01..A04原生重验且更强	n4-internal-compare.txt	同上	UX-03旧macOS旅程测试文件未变但其驱动页面变化大，以N2/N3新原生测试为准	完成
N4-A03	PASS_REQUALIFIED	bc09f0f6	e083be9d911bfec5c76f2b0cfdc87a1c09c9eded7d1172e0f455abf55ddd31f1	python3端点集比对(旧证据42端点vs当前openapi-internal.bundle 42 ops)+逐项绑定旧双轮真实HTTP/PG证据	0	精确集合：INCLUDED=41项(INT-01..13,15..42全部非OA操作,含Application凭证/Scope/Grant安全校验证据保留)；EXCLUDED=1项(INT-14=POST /api/internal/v1/oa/sso/exchange,OA SSO交换)；端点集一致(42↔42,冒号为oracle文本格式差异)；独立OA身份协议测试不在42子项内(其为OA-01..03父项域,本就排除)	n4-internal-compare.txt n4_internal_included.tsv	同上	旧证据状态PASS_REAL_HTTP_PG_SOURCE_BOUND×42(双轮10788 exit0)按41项资格复用，非沿用42/42结论	完成
N5-A01	PASS_EXECUTED	三仓	backend=1459df71 app=a26cc64f admin=2b9015b4	e083be9d911bfec5c76f2b0cfdc87a1c09c9eded7d1172e0f455abf55ddd31f1	只读终审：16 ID 精确集合逐一核对(N0-A01,N1-A01..03,N2-A01..04,N3-A01..04,N4-A01..03,N5-A01)；原生构建来源绑定；三仓Git状态核对(他人WIP未被吸收)；排除项(OA/生产/推送)核对；证据哈希台账见n2-sha256/n3-sha256/n4-internal-compare	0	16/16无FAIL/BLOCKED/PENDING；每PASS有source SHA、命令exit0或manual声明、可判定oracle、证据指纹；用户视觉=USER_VISUAL_ACCEPTANCE_PENDING；生产=NOT_DEPLOYED_NOT_VERIFIED	FINAL.md (sha256=e598a3e1ca81de159ca23cd357733a3e05c09af060c2de8c38541a61fcea07b9)	e598a3e1ca81de159ca23cd357733a3e05c09af060c2de8c38541a61fcea07b9	终审通过	NON_OA_LOCAL_AND_MACOS_ACCEPTANCE_PASS
