INT-01	GET /api/internal/v1/application:	PASS_REQUALIFIED(旧双轮真实HTTP/PG证据,消费者链零业务变化)
INT-02	PUT /api/internal/v1/identity-mappings:	PASS_REQUALIFIED(旧双轮真实HTTP/PG证据,消费者链零业务变化)
INT-03	POST /api/internal/v1/identity-mappings/resolve:	PASS_REQUALIFIED(旧双轮真实HTTP/PG证据,消费者链零业务变化)
INT-04	POST /api/internal/v1/groups:	PASS_REQUALIFIED(旧双轮真实HTTP/PG证据,消费者链零业务变化)
INT-05	PUT /api/internal/v1/groups/{group_id}/members:	PASS_REQUALIFIED(旧双轮真实HTTP/PG证据,消费者链零业务变化)
INT-06	DELETE /api/internal/v1/groups/{group_id}/members:	PASS_REQUALIFIED(旧双轮真实HTTP/PG证据,消费者链零业务变化)
INT-07	POST /api/internal/v1/files/presign:	PASS_REQUALIFIED(旧双轮真实HTTP/PG证据,消费者链零业务变化)
INT-08	POST /api/internal/v1/files/confirm:	PASS_REQUALIFIED(旧双轮真实HTTP/PG证据,消费者链零业务变化)
INT-09	POST /api/internal/v1/messages/direct:	PASS_REQUALIFIED(旧双轮真实HTTP/PG证据,消费者链零业务变化)
INT-10	POST /api/internal/v1/groups/{group_id}/messages:	PASS_REQUALIFIED(旧双轮真实HTTP/PG证据,消费者链零业务变化)
INT-11	POST /api/internal/v1/friend-requests:	PASS_REQUALIFIED(旧双轮真实HTTP/PG证据,消费者链零业务变化)
INT-12	PUT /api/internal/v1/webhook:	PASS_REQUALIFIED(旧双轮真实HTTP/PG证据,消费者链零业务变化)
INT-13	POST /api/internal/v1/webhook/deliveries/{delivery_id}/replay:	PASS_REQUALIFIED(旧双轮真实HTTP/PG证据,消费者链零业务变化)
INT-15	DELETE /api/internal/v1/identity-mappings:	PASS_REQUALIFIED(旧双轮真实HTTP/PG证据,消费者链零业务变化)
INT-16	POST /api/internal/v1/identity-mappings/directory:	PASS_REQUALIFIED(旧双轮真实HTTP/PG证据,消费者链零业务变化)
INT-17	POST /api/internal/v1/directory/users:	PASS_REQUALIFIED(旧双轮真实HTTP/PG证据,消费者链零业务变化)
INT-18	GET /api/internal/v1/groups/{group_id}:	PASS_REQUALIFIED(旧双轮真实HTTP/PG证据,消费者链零业务变化)
INT-19	PATCH /api/internal/v1/groups/{group_id}:	PASS_REQUALIFIED(旧双轮真实HTTP/PG证据,消费者链零业务变化)
INT-20	PUT /api/internal/v1/groups/{group_id}/members/roles:	PASS_REQUALIFIED(旧双轮真实HTTP/PG证据,消费者链零业务变化)
INT-21	DELETE /api/internal/v1/groups/{group_id}:	PASS_REQUALIFIED(旧双轮真实HTTP/PG证据,消费者链零业务变化)
INT-22	POST /api/internal/v1/files/governance:	PASS_REQUALIFIED(旧双轮真实HTTP/PG证据,消费者链零业务变化)
INT-23	GET /api/internal/v1/webhook/deliveries:	PASS_REQUALIFIED(旧双轮真实HTTP/PG证据,消费者链零业务变化)
INT-24	GET /api/internal/v1/workspaces:	PASS_REQUALIFIED(旧双轮真实HTTP/PG证据,消费者链零业务变化)
INT-25	GET /api/internal/v1/workspaces/{workspace_id}:	PASS_REQUALIFIED(旧双轮真实HTTP/PG证据,消费者链零业务变化)
INT-26	GET /api/internal/v1/groups:	PASS_REQUALIFIED(旧双轮真实HTTP/PG证据,消费者链零业务变化)
INT-27	GET /api/internal/v1/groups/{group_id}/members:	PASS_REQUALIFIED(旧双轮真实HTTP/PG证据,消费者链零业务变化)
INT-28	GET /api/internal/v1/projects:	PASS_REQUALIFIED(旧双轮真实HTTP/PG证据,消费者链零业务变化)
INT-29	GET /api/internal/v1/projects/{project_id}:	PASS_REQUALIFIED(旧双轮真实HTTP/PG证据,消费者链零业务变化)
INT-30	GET /api/internal/v1/channels:	PASS_REQUALIFIED(旧双轮真实HTTP/PG证据,消费者链零业务变化)
INT-31	GET /api/internal/v1/channels/{channel_id}:	PASS_REQUALIFIED(旧双轮真实HTTP/PG证据,消费者链零业务变化)
INT-32	POST /api/internal/v1/webhook/test-delivery:	PASS_REQUALIFIED(旧双轮真实HTTP/PG证据,消费者链零业务变化)
INT-33	GET /api/internal/v1/customer-service/seats:	PASS_REQUALIFIED(旧双轮真实HTTP/PG证据,消费者链零业务变化)
INT-34	GET /api/internal/v1/customer-service/seats/{business_identity_id}:	PASS_REQUALIFIED(旧双轮真实HTTP/PG证据,消费者链零业务变化)
INT-35	POST /api/internal/v1/customer-service/seats:	PASS_REQUALIFIED(旧双轮真实HTTP/PG证据,消费者链零业务变化)
INT-36	PATCH /api/internal/v1/customer-service/seats/{business_identity_id}:	PASS_REQUALIFIED(旧双轮真实HTTP/PG证据,消费者链零业务变化)
INT-37	POST /api/internal/v1/workspaces:	PASS_REQUALIFIED(旧双轮真实HTTP/PG证据,消费者链零业务变化)
INT-38	PATCH /api/internal/v1/workspaces/{workspace_id}:	PASS_REQUALIFIED(旧双轮真实HTTP/PG证据,消费者链零业务变化)
INT-39	DELETE /api/internal/v1/workspaces/{workspace_id}:	PASS_REQUALIFIED(旧双轮真实HTTP/PG证据,消费者链零业务变化)
INT-40	POST /api/internal/v1/channels:	PASS_REQUALIFIED(旧双轮真实HTTP/PG证据,消费者链零业务变化)
INT-41	PATCH /api/internal/v1/channels/{channel_id}:	PASS_REQUALIFIED(旧双轮真实HTTP/PG证据,消费者链零业务变化)
INT-42	DELETE /api/internal/v1/channels/{channel_id}:	PASS_REQUALIFIED(旧双轮真实HTTP/PG证据,消费者链零业务变化)
