failure	reason	recovery_action	retry_result	next_state
候选漂移/他人WIP出现	N0采样后imboyapp工作区出现customer_service域修改(cs_session_flow.dart/cs_api.dart staged + cs_session_flow_test.dart unstaged)，内容为fetchAssetBytes接线workspace_id(PR-W2-C01编号，非本计划卡号)，来源为本机另一并行工作流	不回退/不吸收/不替交；记录指纹；影响计算：HEAD层面客服域相对旧候选d868815b无变化(d868815b..b6bb4dc的diff不含customer_service)，WIP未提交不构成候选，N1域(组织图/导航/P2P)不受影响	未重试	未受影响ID继续；N4-A01客服域资格复用时若该WIP已被提交则重新对账消费者链，否则按HEAD指纹核对
隔离后端启动失败#1	首次make run因TSID guard catalog_changed崩溃；实测manifest文件24字节(合法66字节)read_manifest返回bad_length，为上次运行残留损坏文件(非本计划代码缺陷)	按仓内先例(node-0129.stale-20260930)将_rel内tsid/node-0129归档为node-0129.stale-20261002-badlength，bootstrap走pristine/auto_scan从隔离库重扫floor(单调不降)	成功(后续启动不再报catalog_changed)	下一失败#2
隔离后端启动失败#2	make run(relx console)在无tty后台必然stdin EOF退出；start_node.sh daemon后heart循环2.5s级重启并报migration_dirty。根因取证：_rel残留两个release版本(releases/1.0.0-alpha.75 + releases/1.0.0-alpha.82)，82的sys.config连旧E2E库sc153_e2e(version=156)，多实例在该库并发迁移交叠产生dirty_state循环；boot用的75连imboy_test_v1本身干净(164|f，epgsql只读复现验证)	杀光残留进程(仅本run启动尝试产物)；rm -rf _rel(构建产物区)后IMBOYENV=local make rel重建单一结构；直接_rel/imboy/bin/imboy daemon启动(start_node.sh的lib目录名假设与75/82结构不匹配故绕开)	成功(ping=pong，HTTP 9800监听)	进入N2合成数据准备
目录API 503 security_gate_closed	enterprise_internal_cursor_signing_key未配置(CURSOR-V2 fail-closed设计)；本地sys.local.config缺该项，测试支持文件有同值参考	在gitignored的config/sys.local.config追加{enterprise_internal_cursor_signing_key,...}(32B，与test/api/organization_directory_http_support.erl同值)；make rel重建+daemon重启	成功(目录API分页+签名游标+member_count正确返回)	N2数据链路就绪
ctl创建账号account字段污染	imboy_ctl user create把nickname并入account/mobile字段(ctl参数解析问题，非本计划验收域，不修改ctl)	SQL修正account/nickname/mobile四行(隔离库合成账号)	成功(登录+目录显示正常)	记录在案
N2取证截图不可用(环境边界)	尝试四通道全失败：screencapture无屏幕录制权限(空图)；flutter run 's'键macOS输出0字节；integration_test takeScreenshot在test模式MissingPluginException(captureScreenshot平台通道未实现)/drive模式报告screenshots为空；VM service ext.flutter.screenshot扩展未注册(11个扩展中无screen/shot)	不掩盖不冒充：视觉佐证由程序化oracle替代(真实企业名/节点键存在/InteractiveViewer矩阵数值/Theme.brightness/空态节点计数等原生断言，flutter test与flutter drive双通道exit0)；截图缺失记录为环境边界	测试本体双通道通过	不阻断N2判定；视觉复核属USER_VISUAL_ACCEPTANCE_PENDING
App登录间歇性errorPassword(run15)	run14成功登录触发rehash-on-login路径后，run15首试md5+明文重试均errorPassword且quitLogin登出(登录后初始化偶发)；curl同凭证明文登录始终成功，存储仍为legacy hmac_sha512格式未变	不修改产品代码；run15仅用于截图取证重跑；N2判定采用run14(flutter test完整旅程exit0)+drive轮(完整旅程exit0)两个独立通过记录	双通道通过	run14与drive日志均已留存SHA
N3-A04撤权通道迭代	初始用docker psql子进程撤权：App进程无法访问docker socket(failed to connect to docker API)；后用status='revoked'违反CHECK约束(合法值active/suspended/removed)	改用admin独立HTTP会话调真实治理端点suspend/restore(走服务端权限链，比SQL更真实)	成功(suspend/restore均200)	A04通过
member登录间歇性errorPassword	App首试md5变体对hmac_sha512存储必然失败(1次失败计数)+明文重试偶发失败；多轮测试累计逼近login_max_attempts=5锁定阈值(跨进程累计，curl成功重置)	根治：将member密码存储重置为sha256预哈希变体(hmac(sha256(md5hex),salt))使App首试md5直接命中，零失败计数	成功(登录首试ok=true)	所有member段稳定
登录后首屏导航竞态	全新isolate存储时登录成功但UI偶发停滞LoginPage(A04b两轮复现，E2EE向导因服务端已有备份不推)	A04b改为API会话级验证(恢复重读的oracle在服务端新会话，UI图渲染已由N2/N3-A04覆盖)	成功	A04b通过
复审修复轮(review fixes)	acceptance.tsv N4-A02/A03 缺 repo 列(11列错位)；A04 测试 suspend~restore 间断言失败则 restore 不执行，合成成员滞留 suspended 污染隔离库；FINAL.md 候选 SHA/日志留存表述歧义；测试文件头注释过时	TSV 补列复位+FINAL.md 两处澄清(imboy ba7dbc9b)；A04 加 try/finally 恢复保障+runAsync 可空修正+dart format 归一(imboyapp 4d8fbac3)；修复后原生重验 N3-A04(fixverify r3: suspend 200→restore 200→active, EXIT=0)	成功(r3 exit0；r1=Pods VFS 中间产物损坏→清理重试；r2=Cargokit rustup 缺失→重装 rustup 代理恢复 ~/.cargo，~/.rustup 工具链未动)	app 业务源码候选仍=b6bb4dc，测试文件前移至 4d8fbac3；member 密码存储被 curl 明文登录 rehash 后按变体4(sha256(md5hex(plain)))重置，md5首试/明文重试双路自检通过
